URL,TYPE
511-SE-5th-Ave,Condo: NuRiver Landing
/i/nuriver-landing-purchase,Condo: NuRiver Landing
/i/nuriver-landing-rent,Condo: NuRiver Landing
100-las-olas,Condo: 100 Las Olas
/i/100-las-olas,Condo: 100 Las Olas
/i/100-las-olas-condos,Condo: 100 Las Olas
520-SE-5th-Ave,Condo: Las Olas By The River
/i/las-olas-by-the-river,Condo: Las Olas By The River
/i/las-olas-by-the-river-condos,Condo: Las Olas By The River
333-Las-Olas-Way,Condo: Las Olas River House
/i/las-olas-river-house,Condo: Las Olas River House
/i/las-olas-river-house-condos,Condo: Las Olas River House
411-N-New-River-Dr,Condo: Las Olas Grand
/i/las-olas-grand,Condo: Las Olas Grand
/i/las-olas-grand-condos,Condo: Las Olas Grand
/i/bermuda-riviera,Neighborhood: Bermuda Riviera
/i/coral-ridge,Neighborhood: Coral Ridge
/i/downtown-fort-lauderdale,Neighborhood: Downtown Fort Lauderdale
/i/fort-lauderdale-beach,Neighborhood: Fort Lauderdale Beach
/i/lauderdale-beach,Neighborhood: Fort Lauderdale Beach
/i/lake-ridge,Neighborhood: Lake Ridge
/i/las-olas-isles,Neighborhood: Las Olas Isles
/neighborhood-spotlight-las-olas-isles,Neighborhood: Las Olas Isles
/i/lauderdale-harbour,Neighborhood: Lauderdale Harbours
/i/rio-vista,Neighborhood: Rio Vista
/i/riverfront-high-rises,High Rise Riverfront Condos
/riverfront-high-rise-condos,High Rise Riverfront Condos
/i/tarpon-river,Neighborhood: Tarpon River
/i/victoria-park,Neighborhood: Victoria Park
/i/poinsettia-heights,Neighborhood: Poinsettia Heights
/i/colee-hammock-beverly-heights,Neighborhood: Colee Beverly
/i/sunrise-key,Neighborhood: Sunrise Key
/i/new-construction,New Construction
315-NE-3rd-Ave,Condo: Strada
/i/strada,Condo: Strada
/i/strada-315,Condo: Strada
/i/strada-315-condos,Condo: Strada
600-W-Las-Olas-Blvd,Condo: Symphony
610-W-Las-Olas-Blvd,Condo: Symphony
/i/symphony,Condo: Symphony
/i/symphony-condos,Condo: Symphony
347-N-New-River-Dr,Condo: Watergarden
/i/watergarden,Condo: Watergarden
/i/watergarden-condos,Condo: Watergarden
100-N-Federal-Hwy,Condo: Waverly
110-N-Federal-Hwy,Condo: Waverly
/i/waverly,Condo: Waverly
/i/waverly-at-las-olas,Condo: Waverly
/i/waverly-at-las-olas-condos,Condo: Waverly
/i/waterfront,Waterfront Homes
/i/waterfront-homes,Waterfront Homes
/i/flagler-village-all,Neighborhood: Flagler Village
533-NE-3rd-Ave,Condo: Sole at Fort Lauderdale
/new-construction,New Construction
/neighborhoods/bermuda-riviera,Neighborhood: Bermuda Riviera
/neighborhoods/colee-hammock-beverly-heights,Neighborhood: Colee Beverly
/neighborhoods/coral-ridge,Neighborhood: Coral Ridge
/neighborhoods/downtown-fort-lauderdale,Neighborhood: Downtown Fort Lauderdale
/neighborhoods/edgewood,Neighborhood: Edgewood
/neighborhoods/flagler-village,Neighborhood: Flagler Village
/neighborhoods/fort-lauderdale-beach,Neighborhood: Fort Lauderdale Beach
/neighborhoods/harbor-beach,Neighborhood: Harbour Beach
/neighborhoods/harbour-inlet-harbour-isles,Neighborhood: Inlet Isles
/neighborhoods/lake-ridge,Neighborhood: Lake Ridge
/neighborhoods/las-olas-isles,Neighborhood: Las Olas Isles
/neighborhoods/lauderdale-beach,Neighborhood: Fort Lauderdale Beach
/neighborhoods/lauderdale-harbours,Neighborhood: Lauderdale Harbours
/neighborhoods/rio-vista,Neighborhood: Rio Vista
/neighborhoods/riverfront-high-rise-condos,Neighborhood: River High Rises
/neighborhoods/sunrise-key-sunrise-intracoastal,Neighborhood: Sunrise Key
/neighborhoods/tarpon-river,Neighborhood: Tarpon River
/neighborhoods/victoria-park,Neighborhood: Victoria Park
/condos/100-las-olas,Condo: 100 Las Olas
/condos/350-las-olas,Condo: Las Olas Grand
/condos/las-olas-by-the-river,Condo: Las Olas By The River
/condos/las-olas-grand,Condo: Las Olas Grand
/condos/las-olas-river-house,Condo: Las Olas River House
/condos/nuriver-landing,Condo: NuRiver Landing
/condos/strada-315,Condo: Strada
/condos/the-symphony,Condo: Symphony
/condos/watergarden,Condo: Watergarden
/condos/the-waverly-at-las-olas,Condo: Waverly
/fort-lauderdale-waterfront-homes,Waterfront Homes
/fort-lauderdale-neighborhood-map,GENERAL
/fort-lauderdale-downtown-condo-map,GENERAL
/broward-county-city-guide,GENERAL
/buy,BUY
/sell,SELL
/idx/search,GENERAL
/idx/search/advanced,GENERAL
/idx/map,GENERAL
/idx/featured,GENERAL
/idx/details/listing,other